Variable,Label,Type,Value Labels,Missing Value Codes,Status in Public CSV,Privacy Note
TREATMEN,,Numeric,,,Retained,
INCLUDE,,Numeric,,,Retained,
MATCH,,Numeric,,,Retained,"Linking key (integer ID); not derived from identifiers in the published file, retained"
RESPONSE,Response ID,Numeric,,,Retained,
TIMESTAR,Time Started,Numeric,,,Retained,
DATESUBM,Date Submitted,Numeric,,,Retained,
STATUS,,String,,,Retained,
PLEASEWR,"Please write the first 3 letters of your FIRST name (not your nickname). For example, if your name is Joshua, you would write JOS.",String,,,Removed from public CSV,Direct identifier or unscreened free text — removed
REGARDLE,"Regardless of month, on which day were you born?",Numeric,,,Removed from public CSV,Direct identifier or unscreened free text — removed
HOWMANYO,How many OLDER siblings do you have?,Numeric,,,Retained,
WHATGRAD,What grade are you in?,String,,,Retained,Quasi-identifier; retained as categorical grade (needed for published subgroup analysis)
WHATISYO,What is your gender?,String,,,Retained,Quasi-identifier; retained as categorical gender (needed for published subgroup analysis)
ASIANWHA,Asian:What is your race/ethnicity? (please check all that apply),String,,,Retained,Quasi-identifier; retained as categorical race/ethnicity (needed for published subgroup analysis)
BLACKORA,Black or African American:What is your race/ethnicity? (please check all that apply),String,,,Retained,Quasi-identifier; retained as categorical race/ethnicity (needed for published subgroup analysis)
HISPANIC,Hispanic or Latino/a:What is your race/ethnicity? (please check all that apply),String,,,Retained,Quasi-identifier; retained as categorical race/ethnicity (needed for published subgroup analysis)
NATIVEAM,Native American:What is your race/ethnicity? (please check all that apply),String,,,Retained,Quasi-identifier; retained as categorical race/ethnicity (needed for published subgroup analysis)
PACIFICI,Pacific Islander:What is your race/ethnicity? (please check all that apply),String,,,Retained,Quasi-identifier; retained as categorical race/ethnicity (needed for published subgroup analysis)
WHITEWHA,White:What is your race/ethnicity? (please check all that apply),String,,,Retained,Quasi-identifier; retained as categorical race/ethnicity (needed for published subgroup analysis)
OTHERWHA,Other:What is your race/ethnicity? (please check all that apply),String,,,Retained,Quasi-identifier; retained as categorical race/ethnicity (needed for published subgroup analysis)
PREFERNO,Prefer not to say:What is your race/ethnicity? (please check all that apply),String,,,Retained,Quasi-identifier; retained as categorical race/ethnicity (needed for published subgroup analysis)
TEACHER_ID,Pseudonymous teacher/class cluster ID (derived from WHOISTHE/OTHERWRI),String,Teacher_1..Teacher_6,,Retained (derived),Pseudonym replacing raw teacher name
WHOISTHE,Who is the teacher in the class or program where you are taking this survey?,String,,,Removed from public CSV,Direct identifier or unscreened free text — removed
OTHERWRI,Other - Write In (Required):Who is the teacher in the class or program where you are taking this survey?,String,,,Removed from public CSV,Direct identifier or unscreened free text — removed
Q8POSTAN,,String,,,Retained,
Q9POSTAN,,String,,,Retained,
Q10POSTA,,String,,,Retained,
Q11POSTA,,Numeric,,,Retained,
Q12POSTA,,Numeric,,,Retained,
Q13POSTA,,Numeric,,,Retained,
Q14POSTA,,String,,,Retained,
Q15POSTA,,String,,,Retained,
Q16POSTA,,String,,,Retained,
Q17POSTA,,String,,,Retained,
Q18POSTA,,Numeric,,,Retained,
POST_IBE,POST_ I believe I can solve math problems successfully.,String,,,Retained,
POST_IAM,POST_I am confident in my ability to do math.,String,,,Retained,
POST_ICA,POST_I can figure out how to solve new math problems.,String,,,Retained,
POST_WHE,"POST_When I keep trying, I can solve difficult math problems",String,,,Retained,
POST_IFE,POST_I feel confident solving equations with fractions.,String,,,Retained,
POST_IWO,POST_I worry that I will not be able to do well on math tests.,String,,,Retained,
POST_WOR,POST_Working on math homework is stressful for me.,String,,,Retained,
POST_MAT,POST_Math makes me feel uncomfortable and nervous.,String,,,Retained,
V42_A,POST_I feel anxious when working with fractions.,String,,,Retained,
V43_A,POST_Math helps me understand the world around me.,String,,,Retained,
POST_LEA,POST_Learning math is important for my future.,String,,,Retained,
V45_A,POST_I can see connections between math and real-world situations.,String,,,Retained,
V46_A,"POST_When I get stuck on a math problem, I keep trying different approaches.",String,,,Retained,
POST_IDO,POST_I don't give up easily when math problems are challenging.,String,,,Retained,
POST_IEN,POST_I enjoy the challenge of solving difficult math problems.,String,,,Retained,
ONASCALE,"On a scale of 1-5 where 1=Not at all and 5=A lot, how much did you enjoy playing Fantasy Sports Math League?",Numeric,,,Retained,
V50_A,"On a scale of 1-5 where 1=Not at all and 5=A lot, how much did Fantasy Sports Math League help you better understand math concepts?",Numeric,,,Retained,
WOULDYOU,Would you recommend Fantasy Sports Math League to other students?,String,,,Retained,
DRAFTING,Drafting players:What was your favorite part of Fantasy Sports Math League? (Check all that apply),String,,,Retained,
SOLVINGM,Solving math equations:What was your favorite part of Fantasy Sports Math League? (Check all that apply),String,,,Retained,
CREATING,Creating graphs:What was your favorite part of Fantasy Sports Math League? (Check all that apply),String,,,Retained,
CHECKING,Checking leaderboards:What was your favorite part of Fantasy Sports Math League? (Check all that apply),String,,,Retained,
SETTINGL,Setting lineups:What was your favorite part of Fantasy Sports Math League? (Check all that apply),String,,,Retained,
LEARNING,Learning about real players:What was your favorite part of Fantasy Sports Math League? (Check all that apply),String,,,Retained,
COMPETIT,Competition with classmates/peers:What was your favorite part of Fantasy Sports Math League? (Check all that apply),String,,,Retained,
ADDINGAN,Adding and subtracting fractions:Which math skills did Fantasy Sports Math League help you practice? (Check all that apply),String,,,Retained,
MULTIPLY,Multiplying fractions:Which math skills did Fantasy Sports Math League help you practice? (Check all that apply),String,,,Retained,
SOLVINGE,Solving equations:Which math skills did Fantasy Sports Math League help you practice? (Check all that apply),String,,,Retained,
ORDEROFO,Order of operations (PEMDAS):Which math skills did Fantasy Sports Math League help you practice? (Check all that apply),String,,,Retained,
DATAANAL,Data analysis:Which math skills did Fantasy Sports Math League help you practice? (Check all that apply),String,,,Retained,
V64_A,Creating graphs:Which math skills did Fantasy Sports Math League help you practice? (Check all that apply),String,,,Retained,
BUDGETMA,Budget management:Which math skills did Fantasy Sports Math League help you practice? (Check all that apply),String,,,Retained,
PROBLEMS,Problem solving:Which math skills did Fantasy Sports Math League help you practice? (Check all that apply),String,,,Retained,
INYOUROW,"In your own words, what did you learn about math from playing Fantasy Sports Math League?",String,,,Removed from public CSV,Direct identifier or unscreened free text — removed
HOWDIDFA,How did Fantasy Sports Math League change how you feel about math (if at all)?,String,,,Removed from public CSV,Direct identifier or unscreened free text — removed
V84,,Numeric,,,Retained,
V85,,Numeric,,,Retained,
V86,,Numeric,,,Retained,
V87,,Numeric,,,Retained,
V88,,Numeric,,,Retained,
V89,,Numeric,,,Retained,
V90,,Numeric,,,Retained,
Q8PREANS,,String,,,Retained,
Q9PREANS,,String,,,Retained,
Q10PREAN,,String,,,Retained,
Q11PREAN,,Numeric,,,Retained,
Q12PREAN,,Numeric,,,Retained,
Q13PREAN,,Numeric,,,Retained,
Q14PREAN,,String,,,Retained,
Q15PREAN,,String,,,Retained,
Q16PREAN,,String,,,Retained,
Q17PREAN,,String,,,Retained,
Q18PREAN,,Numeric,,,Retained,
PRE_IBEL,PRE_ I believe I can solve math problems successfully.,String,,,Retained,
PRE_IAMC,PRE_I am confident in my ability to do math.,String,,,Retained,
PRE_ICAN,PRE_I can figure out how to solve new math problems.,String,,,Retained,
PRE_WHEN,"PRE_When I keep trying, I can solve difficult math problems",String,,,Retained,
PRE_IFEE,PRE_I feel confident solving equations with fractions.,String,,,Retained,
PRE_IWOR,PRE_I worry that I will not be able to do well on math tests.,String,,,Retained,
PRE_WORK,PRE_Working on math homework is stressful for me.,String,,,Retained,
PRE_MATH,PRE_Math makes me feel uncomfortable and nervous.,String,,,Retained,
V95_A,PRE_I feel anxious when working with fractions.,String,,,Retained,
V96_A,PRE_Math helps me understand the world around me.,String,,,Retained,
PRE_LEAR,PRE_Learning math is important for my future.,String,,,Retained,
V98_A,PRE_I can see connections between math and real-world situations.,String,,,Retained,
V99_A,"PRE_When I get stuck on a math problem, I keep trying different approaches.",String,,,Retained,
PRE_IDON,PRE_I don't give up easily when math problems are challenging.,String,,,Retained,
PRE_IENJ,PRE_I enjoy the challenge of solving difficult math problems.,String,,,Retained,
V117,,Numeric,,,Retained,
Q8PRE,,Numeric,,,Retained,
Q9PRE,,Numeric,,,Retained,
Q10PRE,,Numeric,,,Retained,
Q11PRE,,Numeric,,,Retained,
Q12PRE,,Numeric,,,Retained,
Q13PRE,,Numeric,,,Retained,
Q14PRE,,Numeric,,,Retained,
Q15PRE,,Numeric,,,Retained,
Q16PRE,,Numeric,,,Retained,
Q17PRE,,Numeric,,,Retained,
Q18PRE,,Numeric,,,Retained,
Q8POST,,Numeric,,,Retained,
Q9POST,,Numeric,,,Retained,
Q10POST,,Numeric,,,Retained,
Q11POST,,Numeric,,,Retained,
Q12POST,,Numeric,,,Retained,
Q13POST,,Numeric,,,Retained,
Q14POST,,Numeric,,,Retained,
Q15POST,,Numeric,,,Retained,
Q16POST,,Numeric,,,Retained,
Q17POST,,Numeric,,,Retained,
Q18POST,,Numeric,,,Retained,
V140,,Numeric,,,Retained,
Q8CHANGE,,Numeric,,,Retained,
Q9CHANGE,,Numeric,,,Retained,
Q10CHANG,,Numeric,,,Retained,
Q11CHANG,,Numeric,,,Retained,
Q12CHANG,,Numeric,,,Retained,
Q13CHANG,,Numeric,,,Retained,
Q14CHANG,,Numeric,,,Retained,
Q15CHANG,,Numeric,,,Retained,
Q16CHANG,,Numeric,,,Retained,
Q17CHANG,,Numeric,,,Retained,
Q18CHANG,,Numeric,,,Retained,
TOTCHANG,,Numeric,,,Retained,
MATHPRE,,Numeric,,,Retained,
MATHPOST,,Numeric,,,Retained,
MATHCHAN,,Numeric,,,Retained,
GRADE,,Numeric,,,Retained,
PRESCALE,,Numeric,,,Retained,
POSTSCAL,,Numeric,,,Retained,
GRADE6,,Numeric,,,Retained,
GRADE7,,Numeric,,,Retained,
GRADE8,,Numeric,,,Retained,
GRADE9,,Numeric,,,Retained,
GRADE10,,Numeric,,,Retained,
GRADE11,,Numeric,,,Retained,
GENDERFE,,Numeric,,,Retained,
GENDERMA,,Numeric,,,Retained,
GENDERNB,,Numeric,,,Retained,
GENDERNA,,Numeric,,,Retained,
FILTER_$,isMatched=1 (FILTER),Numeric,0=Not Selected; 1=Selected,,Retained,
POST_L1,POST: I believe I can solve math problems successfully,Numeric,1=Strongly disagree; 2=Disagree; 3=Neutral; 4=Agree; 5=Strongly agree,,Retained,
POST_L2,POST: I am confident in my ability to do math,Numeric,1=Strongly disagree; 2=Disagree; 3=Neutral; 4=Agree; 5=Strongly agree,,Retained,
POST_L3,POST: I can figure out how to solve new math problems,Numeric,1=Strongly disagree; 2=Disagree; 3=Neutral; 4=Agree; 5=Strongly agree,,Retained,
POST_L4,POST: When I keep trying I can solve difficult math problems,Numeric,1=Strongly disagree; 2=Disagree; 3=Neutral; 4=Agree; 5=Strongly agree,,Retained,
POST_L5,POST: I feel confident folving equations with fractions,Numeric,1=Strongly disagree; 2=Disagree; 3=Neutral; 4=Agree; 5=Strongly agree,,Retained,
POST_L6,POST: I worry that I will not be able to do well on math tests,Numeric,1=Strongly disagree; 2=Disagree; 3=Neutral; 4=Agree; 5=Strongly agree,,Retained,
POST_L7,POST: Working on math homework is stressfull for me,Numeric,1=Strongly disagree; 2=Disagree; 3=Neutral; 4=Agree; 5=Strongly agree,,Retained,
POST_L8,POST: Math makes me feel uncomfortable and nervous,Numeric,1=Strongly disagree; 2=Disagree; 3=Neutral; 4=Agree; 5=Strongly agree,,Retained,
POST_L9,POST: I feel anxious when working with fractions,Numeric,1=Strongly disagree; 2=Disagree; 3=Neutral; 4=Agree; 5=Strongly agree,,Retained,
POST_L10,POST: Math helps me understand the world around me,Numeric,1=Strongly disagree; 2=Disagree; 3=Neutral; 4=Agree; 5=Strongly agree,,Retained,
POST_L11,POST: Learning math is important for my future,Numeric,1=Strongly disagree; 2=Disagree; 3=Neutral; 4=Agree; 5=Strongly agree,,Retained,
POST_L12,POST: I can see connections between math and real world situations,Numeric,1=Strongly disagree; 2=Disagree; 3=Neutral; 4=Agree; 5=Strongly agree,,Retained,
POST_L13,POST: When I get stuck on a math problem I keep trying different approaches,Numeric,1=Strongly disagree; 2=Disagree; 3=Neutral; 4=Agree; 5=Strongly agree,,Retained,
POST_L14,POST: I dont give up easily when math problems are challenging,Numeric,1=Strongly disagree; 2=Disagree; 3=Neutral; 4=Agree; 5=Strongly agree,,Retained,
POST_L15,POST: I enjoy the challenge of solving difficult math problems,Numeric,1=Strongly disagree; 2=Disagree; 3=Neutral; 4=Agree; 5=Strongly agree,,Retained,
PRE_L1,PRE: I believe I can solve math problems successfully,Numeric,1=Strongly disagree; 2=Disagree; 3=Neutral; 4=Agree; 5=Strongly agree,,Retained,
PRE_L2,PRE: I am confident in my ability to do math,Numeric,1=Strongly disagree; 2=Disagree; 3=Neutral; 4=Agree; 5=Strongly agree,,Retained,
PRE_L3,PRE: I can figure out how to solve new math problems,Numeric,1=Strongly disagree; 2=Disagree; 3=Neutral; 4=Agree; 5=Strongly agree,,Retained,
PRE_L4,PRE: When I keep trying I can solve difficult math problems,Numeric,1=Strongly disagree; 2=Disagree; 3=Neutral; 4=Agree; 5=Strongly agree,,Retained,
PRE_L5,PRE: I feel confident folving equations with fractions,Numeric,1=Strongly disagree; 2=Disagree; 3=Neutral; 4=Agree; 5=Strongly agree,,Retained,
PRE_L6,PRE: I worry that I will not be able to do well on math tests,Numeric,1=Strongly disagree; 2=Disagree; 3=Neutral; 4=Agree; 5=Strongly agree,,Retained,
PRE_L7,PRE: Working on math homework is stressfull for me,Numeric,1=Strongly disagree; 2=Disagree; 3=Neutral; 4=Agree; 5=Strongly agree,,Retained,
PRE_L8,PRE: Math makes me feel uncomfortable and nervous,Numeric,1=Strongly disagree; 2=Disagree; 3=Neutral; 4=Agree; 5=Strongly agree,,Retained,
PRE_L9,PRE: I feel anxious when working with fractions,Numeric,1=Strongly disagree; 2=Disagree; 3=Neutral; 4=Agree; 5=Strongly agree,,Retained,
PRE_L10,PRE: Math helps me understand the world around me,Numeric,1=Strongly disagree; 2=Disagree; 3=Neutral; 4=Agree; 5=Strongly agree,,Retained,
PRE_L11,PRE: Learning math is important for my future,Numeric,1=Strongly disagree; 2=Disagree; 3=Neutral; 4=Agree; 5=Strongly agree,,Retained,
PRE_L12,PRE: I can see connections between math and real world situations,Numeric,1=Strongly disagree; 2=Disagree; 3=Neutral; 4=Agree; 5=Strongly agree,,Retained,
PRE_L13,PRE: When I get stuck on a math problem I keep trying different approaches,Numeric,1=Strongly disagree; 2=Disagree; 3=Neutral; 4=Agree; 5=Strongly agree,,Retained,
PRE_L14,PRE: I dont give up easily when math problems are challenging,Numeric,1=Strongly disagree; 2=Disagree; 3=Neutral; 4=Agree; 5=Strongly agree,,Retained,
PRE_L15,PRE: I enjoy the challenge of solving difficult math problems,Numeric,1=Strongly disagree; 2=Disagree; 3=Neutral; 4=Agree; 5=Strongly agree,,Retained,
V185_A,,Numeric,,,Retained,
V186_A,,Numeric,,,Retained,
V187_A,,Numeric,,,Retained,
V188_A,,Numeric,,,Retained,
PRE_L6_R,,Numeric,,,Retained,
PRE_L7_R,,Numeric,,,Retained,
PRE_L8_R,,Numeric,,,Retained,
PRE_L9_R,,Numeric,,,Retained,
MATHEFFI,,Numeric,,,Retained,
V194_A,,Numeric,,,Retained,
ISMATCHE,,Numeric,,,Retained,
